{"loss": [0.6776719497782844, 0.4562629227127348, 0.2741637682276113, 0.22322141458945616, 0.1938249668372529, 0.237183986763869, 0.11838631158960718, 0.09553574511249151, 0.07080428129328149, 0.056971210188099315, 0.06355705634424728, 0.040864937872226746, 0.06717952801513352, 0.03218548332474062, 0.024612846817555174, 0.02198363932049168, 0.017370192167748297, 0.015309903670900635, 0.012770169015441622], "auc": [0.5458633325259106, 0.8881427386063195, 0.9431127694773569, 0.9675158349352945, 0.9731076672524777, 0.968958888436503, 0.9884710332778445, 0.9920271294058227, 0.995681147021383, 0.9977581133106224, 0.9976704993480491, 0.999381548499482, 0.9990929377992404, 0.9998093107873403, 0.9999381548499482, 0.9999484623749568, 0.9999484623749568, 0.9999536161374611, 0.9999690774249742], "valid_loss": [0.5672494769096375, 0.2593059837818146, 0.1848025918006897, 0.1841883808374405, 0.41342952847480774, 0.10390758514404297, 0.10210731625556946, 0.09933159500360489, 0.09308631718158722, 0.2355339676141739, 0.13053640723228455, 0.3788362145423889, 0.09988399595022202, 0.09198635816574097, 0.09690014272928238, 0.09933637827634811, 0.11219872534275055, 0.09963977336883545, 0.11547762155532837], "valid_auc": [0.9227892287234043, 0.9847074468085107, 0.987283909574468, 0.9932679521276595, 0.9940159574468086, 0.9950132978723404, 0.9945977393617021, 0.9936003989361702, 0.9952626329787234, 0.98046875, 0.9946808510638299, 0.9638464095744681, 0.9950132978723405, 0.9955950797872342, 0.9949301861702128, 0.9945977393617021, 0.9943484042553192, 0.9950132978723405, 0.9942652925531915]}