{"loss": [0.6530925461224147, 0.38670613723141806, 0.280077367488827, 0.22265099281711237, 0.17042770901960985, 0.14027188851365022, 0.10113300915275301, 0.07395410358107515, 0.07605690063376512, 0.057803368395460505, 0.04747366765514016, 0.06793284818663128, 0.028170501331000457, 0.02267893249102469, 0.017497685688015605, 0.012631910337534333, 0.010531901614740491, 0.009626044542528689, 0.009010238107293844, 0.00926210596558771], "auc": [0.6449212247401215, 0.9016043662675937, 0.9392474475991197, 0.9663716996593362, 0.9848067081372756, 0.9867239077888813, 0.9911458360175847, 0.9955677642462879, 0.9952688460210376, 0.9963305210969269, 0.9984229486736792, 0.9985466389737828, 0.999886617224905, 0.9999175397999309, 0.9999793849499827, 0.9999948462374957, 1.0, 1.0, 1.0, 1.0], "valid_loss": [0.49419093132019043, 0.28492897748947144, 0.18369466066360474, 0.1561923623085022, 0.15210597217082977, 0.1117243692278862, 0.10141713172197342, 0.1175587996840477, 0.11520178616046906, 0.12095095962285995, 0.2771049737930298, 0.1722232550382614, 0.1297772079706192, 0.1372462511062622, 0.13890837132930756, 0.12904025614261627, 0.1469106823205948, 0.14282311499118805, 0.1432477831840515, 0.1433868110179901], "valid_auc": [0.9477227393617021, 0.9892785904255319, 0.9903590425531915, 0.9777260638297872, 0.9895279255319149, 0.9944315159574468, 0.9940159574468085, 0.9928523936170213, 0.9919381648936171, 0.9921875, 0.9766456117021277, 0.9908577127659575, 0.9933510638297872, 0.9927692819148936, 0.9921875, 0.9932679521276595, 0.9923537234042553, 0.9931017287234043, 0.9931848404255319, 0.9931848404255319]}