{"loss": [0.5932525740936399, 0.4623834225349128, 0.4446998741477728, 0.4094240600243211, 0.3347558695822954, 0.2661982583813369, 0.21294637117534876, 0.17878624191507697], "auc": [0.7524906600249066, 0.822388903454152, 0.8473610473880843, 0.890288064494986, 0.9363406960739332, 0.9628858884446485, 0.9795503703218195, 0.9872681392147866], "valid_loss": [0.39263981580734253, 0.3827229142189026, 0.3764510154724121, 0.35673999786376953, 0.31238141655921936, 0.30307844281196594, 0.2822866439819336, 0.28762367367744446], "valid_auc": [0.8789120957772139, 0.897976446092784, 0.9054590409265405, 0.926410306461058, 0.9430672132214197, 0.9466458455332162, 0.9504847420131434, 0.9480772984579348]}