{"loss": [0.6729988511651754, 0.49610486906021833, 0.47250191029161215, 0.4410978779196739, 0.38166136015206575, 0.3023326275870204, 0.20642053452320397, 0.1466168942861259, 0.1115342986304313, 0.07216960284858942, 0.05822527932468802], "auc": [0.5733065150422757, 0.8313397129186603, 0.8293529199711607, 0.8556113587205872, 0.9129620829783051, 0.9457830831749362, 0.9762117388739595, 0.9899021760503375, 0.9939290161892902, 0.9982876712328768, 0.9991315461755259], "valid_loss": [0.549270510673523, 0.3944593667984009, 0.3774579167366028, 0.3733910918235779, 0.3208558261394501, 0.2732733190059662, 0.3273853361606598, 0.30471307039260864, 0.3422333300113678, 0.3668098747730255, 0.3538641631603241], "valid_auc": [0.8681111327997918, 0.8824256620469777, 0.8940724835708244, 0.9224412778970655, 0.938772854447264, 0.9508100722233066, 0.9542585724510378, 0.9554297612076257, 0.9516559307697314, 0.9419610905068644, 0.9521113930639599]}