{"loss": [0.7092334255576134, 0.6715889237821102, 0.6363887973129749, 0.5748666021972895, 0.44310412742197514, 0.3385101519525051, 0.23656018543988466, 0.16720665618777275, 0.1153336784336716, 0.08011690829880536, 0.07238919753581285, 0.05026396457105875, 0.08474014140665531], "auc": [0.440136686455758, 0.6290096530872556, 0.7101081838653293, 0.7819473095759256, 0.9033274018550305, 0.9610727052265248, 0.983402358943672, 0.9850400768467632, 0.9878588413145836, 0.9953702974662615, 0.997212730107239, 0.9989291844479788, 0.9969765207942932], "valid_loss": [0.6657954454421997, 0.6112802624702454, 0.5951940417289734, 0.5473601818084717, 0.4877426326274872, 0.4606991410255432, 0.4842742681503296, 0.45109352469444275, 0.5640161633491516, 0.5503913164138794, 0.6759337186813354, 0.73883455991745, 1.5650627613067627], "valid_auc": [0.7223523289097059, 0.766848816029144, 0.7741347905282331, 0.8152485037730939, 0.863648191517044, 0.8644288316419465, 0.8607858443924018, 0.8808222742648972, 0.8652094717668488, 0.8774395003903201, 0.8704137392661982, 0.8756180067655478, 0.6406453291699193]}