{"loss": [0.7027125246822834, 0.6601146943867207, 0.6068505235016346, 0.520302826538682, 0.40865631587803364, 0.3006700752303004, 0.2022647289559245, 0.17117075296118855, 0.11415373184718192, 0.10253381705842912, 0.13835827610455453, 0.1618209695443511, 0.07285195693839341, 0.0606346019776538, 0.0503347028279677, 0.04463421320542693], "auc": [0.4829378139615451, 0.6456387887186432, 0.765160701069241, 0.8395351400721225, 0.9245704927326268, 0.9749145709651512, 0.9877013684392864, 0.9860479032486654, 0.9898272522557989, 0.9917169267593657, 0.9887249421287183, 0.9895438010802639, 0.9976536541580713, 0.9988976898729194, 0.9991338991858653, 0.99943309764893], "valid_loss": [0.6408435702323914, 0.5958202481269836, 0.5760378241539001, 0.5161320567131042, 0.4560990631580353, 0.4754893481731415, 0.5179084539413452, 0.539387583732605, 0.5269266366958618, 0.796115517616272, 0.852125883102417, 0.6237500905990601, 0.604968786239624, 0.5623897314071655, 0.5667572021484375, 0.5751085877418518], "valid_auc": [0.7499349466562583, 0.7902680197762165, 0.7853239656518346, 0.843351548269581, 0.8665105386416861, 0.8654696851418163, 0.8719750195160032, 0.870934166016133, 0.862607338017174, 0.8032786885245902, 0.8027582617746553, 0.8623471246422066, 0.873015873015873, 0.8792609940150923, 0.8800416341399948, 0.8808222742648972]}