{"loss": [0.7056356608867645, 0.6722040355205536, 0.6446140527725219, 0.6178040742874146, 0.5932258099317551, 0.6030385136604309, 0.5739228159189225, 0.5332001060247421, 0.49132304787635805, 0.4458658486604691, 0.39920406639575956, 0.3526789754629135, 0.29463126957416536, 0.24579777270555497, 0.23859116733074187, 0.2046930178999901, 0.15652364119887352], "auc": [0.42172675521821634, 0.6152277039848197, 0.6639943074003795, 0.694022770398482, 0.7413662239089185, 0.725853889943074, 0.7819259962049335, 0.7945445920303605, 0.8510436432637571, 0.8824952561669829, 0.9018500948766603, 0.9411764705882353, 0.9674098671726754, 0.9778937381404175, 0.9680265654648956, 0.982258064516129, 0.9909867172675522], "valid_loss": [0.680751621723175, 0.6657708883285522, 0.6589146256446838, 0.6641643643379211, 0.6637821197509766, 0.6698033213615417, 0.6356569528579712, 0.6412563920021057, 0.6839548349380493, 0.6052422523498535, 0.5742315053939819, 0.5692602396011353, 0.8493238091468811, 0.8241621255874634, 0.6934540271759033, 0.9077082276344299, 0.724696159362793], "valid_auc": [0.5572916666666667, 0.6235119047619048, 0.6294642857142857, 0.6346726190476191, 0.6525297619047619, 0.6778273809523809, 0.6867559523809523, 0.6666666666666667, 0.6696428571428571, 0.6763392857142857, 0.6882440476190477, 0.7068452380952381, 0.6659226190476191, 0.6822916666666667, 0.7552083333333333, 0.6964285714285714, 0.738095238095238]}