{"loss": [0.7051334083080292, 0.6674292504787445, 0.6392170250415802, 0.6113257765769958, 0.5758584797382355, 0.5694705843925476, 0.5101717740297318, 0.48723324537277224, 0.45847966372966764, 0.4175520271062851, 0.37731169164180756, 0.34287755042314527, 0.30241256654262544, 0.26455564200878146], "auc": [0.4187381404174573, 0.6240037950664137, 0.662381404174573, 0.7015180265654649, 0.7601043643263756, 0.7611954459203035, 0.8311669829222011, 0.8392789373814042, 0.8840132827324478, 0.8929316888045541, 0.926280834914611, 0.9347248576850095, 0.9684535104364326, 0.9759962049335863], "valid_loss": [0.6788433790206909, 0.665977418422699, 0.6582509875297546, 0.6560869216918945, 0.6571623086929321, 0.6586287021636963, 0.685920774936676, 0.6061880588531494, 0.7718404531478882, 0.5555200576782227, 0.6825919151306152, 0.5599800944328308, 0.7451044917106628, 0.5691139101982117], "valid_auc": [0.5677083333333334, 0.6190476190476191, 0.6316964285714286, 0.6331845238095237, 0.6242559523809523, 0.6540178571428572, 0.6495535714285714, 0.6815476190476191, 0.6436011904761905, 0.7269345238095237, 0.6889880952380952, 0.7418154761904762, 0.6904761904761905, 0.7745535714285714]}