{"loss": [0.5074708835266563, 0.31117847464230386, 0.27212710197055184, 0.2297100951838181, 0.18788453100419983, 0.15388295516436798, 0.12745358256468606, 0.105423330902793, 0.08872637170566222, 0.07287875613335959, 0.05978343352740508, 0.05041644775093122, 0.043212503926852906, 0.03610929827242439], "auc": [0.650585512898995, 0.7675003923342898, 0.8385512337325124, 0.8982591880605788, 0.9353076597027387, 0.9580467802105308, 0.9721746368445603, 0.9814125382635174, 0.9871616103249228, 0.9919384312759645, 0.9945328724877522, 0.9965680642696494, 0.9977229243827135, 0.9985562186511843], "valid_loss": [0.3472198247909546, 0.2917855679988861, 0.25762027502059937, 0.23475421965122223, 0.21104435622692108, 0.20936228334903717, 0.2178821861743927, 0.2139265388250351, 0.20408710837364197, 0.21028459072113037, 0.2218756377696991, 0.21558620035648346, 0.21745049953460693, 0.2261388748884201], "valid_auc": [0.7603772223047227, 0.8189610349884134, 0.8737221750198961, 0.8931118206905312, 0.9059503259748183, 0.9049714710346862, 0.8955876636852729, 0.9040846097738877, 0.9159632088570702, 0.9137638366291706, 0.9038747798009606, 0.9056667353040473, 0.907868028775864, 0.9160002398917896]}