{"loss": [0.11872388097136302, 0.09679519798297549, 0.07682551989356243, 0.06389876076032501, 0.054572836117713214, 0.048206551098081744], "auc": [0.9774361484903636, 0.9840072986059373, 0.9902376073867213, 0.9937301533887147, 0.9952583030573285, 0.9964844422245609], "valid_loss": [0.20956626534461975, 0.21315641701221466, 0.21177013218402863, 0.21152915060520172, 0.20918008685112, 0.20686030387878418], "valid_auc": [0.9091357860611267, 0.9075433385538427, 0.9075718181695578, 0.9085205736216526, 0.9159811027955154, 0.9204050494509348]}