{"loss": [0.6330918182929357, 0.3437140345573425, 0.28919976701339084, 0.25581590781609215, 0.19168067909777164, 0.1602143983046214, 0.14544054220120112, 0.12364959518114725, 0.07585529641558726, 0.05893953839937846, 0.059508270708223183, 0.053292073837171, 0.03755859440813462, 0.03845389649892847, 0.025111771778513987, 0.023742881634583077, 0.017034489133705696, 0.019581030200545985, 0.016460876679047942, 0.013158035286081334], "auc": [0.7371095554528979, 0.9111349987562631, 0.9386660033403219, 0.9571399381685088, 0.9799713940513841, 0.9834849507835542, 0.988220034824633, 0.9922577378202623, 0.9976724352368431, 0.9990316619878469, 0.9989739170605166, 0.9993203866244981, 0.9999156035677482, 0.9996535304360186, 1.0, 0.9998978358978003, 1.0, 1.0, 1.0, 1.0], "valid_loss": [0.4531714916229248, 0.3414032459259033, 0.3616656959056854, 0.34535473585128784, 0.3717232048511505, 0.3621576726436615, 0.28722915053367615, 0.3081187903881073, 0.3483099043369293, 0.3936094343662262, 0.4673807621002197, 0.4141315519809723, 0.49716871976852417, 0.43866437673568726, 0.5039295554161072, 0.4734741449356079, 0.5293495655059814, 0.5172540545463562, 0.4733968675136566, 0.4967377483844757], "valid_auc": [0.8880591707559917, 0.9036341654220893, 0.8820852001991323, 0.8936775478273239, 0.8722708199985777, 0.9022829101770854, 0.95526633952066, 0.9554796956119763, 0.9490078941753787, 0.9500035559348553, 0.9347841547542848, 0.9418960244648318, 0.9283834720147927, 0.9380556148211364, 0.9215560770926677, 0.931014863807695, 0.9201337031505583, 0.9166488869923902, 0.9283123533176872, 0.9236896380058317]}