{"loss": [0.6649161656697591, 0.38567774842182795, 0.30119437873363497, 0.26841820403933525, 0.21315675775210063, 0.15783655556539694, 0.11691551841795444, 0.10378018021583557, 0.0881916930899024, 0.07201411668211222], "auc": [0.6432696066237874, 0.9095403503784514, 0.9226262392949789, 0.9528090686187414, 0.9703324331047226, 0.9841245869016736, 0.9928707224334601, 0.9943454390391245, 0.9957935041398671, 0.9975391777122349], "valid_loss": [0.5238258838653564, 0.34094029664993286, 0.3595874607563019, 0.33693668246269226, 0.2866499423980713, 0.3556378185749054, 0.4125051200389862, 0.33625438809394836, 0.3152056336402893, 1.0423327684402466], "valid_auc": [0.8891970699096792, 0.907332337671574, 0.889766019486523, 0.9115283408007965, 0.949505725055117, 0.9218405518810896, 0.920560415333191, 0.9515681672711755, 0.9509992176943318, 0.7505867292511201]}