{"loss": [0.35823870278683373, 0.20719525005304099, 0.1519565348651507, 0.12011286610449526, 0.0984319118777002, 0.08188143491815505, 0.06958619251330192, 0.059768926319945306, 0.05363816841526033, 0.049633438599057944], "auc": [0.6770984431860374, 0.8827405588766609, 0.9414676486930946, 0.964363426143737, 0.9756187060982, 0.9827172483582576, 0.9876758021118448, 0.9908863131402911, 0.9926286962469244, 0.9938707189109527], "valid_loss": [0.2543990910053253, 0.1744207739830017, 0.14502392709255219, 0.1357356607913971, 0.13210362195968628, 0.13421933352947235, 0.13429129123687744, 0.13527049124240875, 0.13524046540260315, 0.13496340811252594], "valid_auc": [0.8160224820360341, 0.9161695371590057, 0.9418034027798089, 0.9461815885605582, 0.9490510279554283, 0.9501757954692889, 0.9505751001791496, 0.9498020788738397, 0.9503520708925232, 0.9509569385885821]}